global_lap_num,session,session_lap_num,class_name,class_index,delta_1_seconds,delta_2_seconds,loso_predicted_class_index,loso_predicted_class_name,loso_probability_optimal,loso_probability_standard,loso_probability_sub_standard,correct
70,8,3,sub_standard_laps,2,1.1870827674865725,2.920216560363769,1,standard_laps,0.18624664323441723,0.5226645366118783,0.29108882015370446,False
71,8,4,standard_laps,1,1.624111890792847,2.529339075088501,2,sub_standard_laps,0.02086191873432331,0.2836079609211528,0.6955301203445239,False
73,8,6,standard_laps,1,1.184779167175293,2.949165344238281,1,standard_laps,0.17457858660453895,0.5140514713135327,0.3113699420819283,True
74,8,7,standard_laps,1,1.6503453254699707,2.992475986480713,2,sub_standard_laps,0.0015930275879342452,0.06606445576852642,0.9323425166435393,False
75,8,8,standard_laps,1,1.7128939628601074,2.634553909301758,2,sub_standard_laps,0.004992300887410214,0.13773421285102236,0.8572734862615674,False
77,8,10,standard_laps,1,1.1617155075073242,2.354209899902344,0,optimal_laps,0.5568064446562051,0.414779464483042,0.02841409086075304,False
79,9,2,sub_standard_laps,2,2.093603134155273,3.348637580871582,2,sub_standard_laps,1.6314381066485993e-06,0.004163292902227528,0.9958350756596658,True
81,9,4,standard_laps,1,1.513024091720581,2.229769706726074,1,standard_laps,0.1509905472913964,0.5683186945683498,0.28069075814025374,True
83,9,6,optimal_laps,0,1.0171310901641846,2.598050355911255,0,optimal_laps,0.6114881938417069,0.34858148619726315,0.03993031996102995,True
85,10,1,sub_standard_laps,2,1.6160471439361572,3.0100529193878174,2,sub_standard_laps,0.002477333436247183,0.19281579015221548,0.8047068764115374,True
87,10,3,standard_laps,1,1.0975801944732666,2.7350897789001465,1,standard_laps,0.3431043821641287,0.51942740743138,0.1374682104044912,True
88,10,4,standard_laps,1,1.2195510864257812,2.0437419414520264,0,optimal_laps,0.7436969063039369,0.23046702918317488,0.02583606451288807,False
89,10,5,sub_standard_laps,2,1.5193328857421875,3.0356717109680176,2,sub_standard_laps,0.005280570984930407,0.25450014127059445,0.7402192877444752,True
90,10,6,standard_laps,1,1.114410638809204,2.5244994163513184,0,optimal_laps,0.5039533981977815,0.4179627523898675,0.078083849412351,False
91,10,7,optimal_laps,0,1.1045451164245603,2.683706045150757,1,standard_laps,0.376475298359666,0.500392167682587,0.12313253395774701,False
92,10,8,standard_laps,1,1.114415168762207,2.373022556304932,0,optimal_laps,0.6367323454477133,0.3191847516868229,0.0440829028654638,False
93,10,9,standard_laps,1,1.0357439517974854,2.585441827774048,0,optimal_laps,0.5752033117846724,0.36910927891881173,0.05568740929651576,False
96,10,12,optimal_laps,0,1.030689001083374,2.7161760330200195,0,optimal_laps,0.46586273663417715,0.44823762657156574,0.08589963679425701,True
97,10,13,standard_laps,1,1.5264620780944824,1.9940736293792725,1,standard_laps,0.31573902448724106,0.49744397855164935,0.18681699696110957,True
98,10,14,standard_laps,1,1.6163814067840576,2.246284008026123,1,standard_laps,0.07832065652059965,0.4822780469011321,0.4394012965782682,True
115,13,1,sub_standard_laps,2,2.0748109817504883,2.171182870864868,2,sub_standard_laps,0.0014052891089142122,0.15115075654898386,0.847443954342102,True
116,13,2,optimal_laps,0,1.1826441287994385,2.214783906936645,0,optimal_laps,0.6429530520197289,0.3233059804363899,0.03374096754388112,True
117,13,3,sub_standard_laps,2,1.6333818435668943,2.8785462379455566,2,sub_standard_laps,0.0035278179087857627,0.16243936904389134,0.8340328130473229,True
118,13,4,optimal_laps,0,1.0624206066131592,2.3667945861816406,0,optimal_laps,0.7187696273594457,0.2577417958425409,0.02348857679801332,True
119,13,5,standard_laps,1,1.1936335563659668,2.2159438133239746,0,optimal_laps,0.6253785479676475,0.3374593312754719,0.037162120756880655,False
131,15,1,optimal_laps,0,1.3793318271636963,2.173051357269287,1,standard_laps,0.34429866381783003,0.5740236822990319,0.08167765388313808,False
132,15,2,standard_laps,1,1.312878131866455,2.573983907699585,1,standard_laps,0.20580530460344607,0.5933718559163417,0.2008228394802123,True
133,15,3,sub_standard_laps,2,1.298229694366455,2.471551418304444,1,standard_laps,0.2805400494048163,0.586628035897921,0.1328319146972627,False
134,15,4,standard_laps,1,1.6262493133544922,2.319459915161133,1,standard_laps,0.051324590837931554,0.4945984466699799,0.4540769624920887,True
136,15,6,standard_laps,1,1.6334683895111084,1.970733642578125,1,standard_laps,0.14434198356009045,0.6464041759437769,0.20925384049613263,True
138,16,1,standard_laps,1,1.4127933979034424,2.546724319458008,1,standard_laps,0.1305634855550398,0.5133508114196863,0.356085703025274,True
139,16,2,standard_laps,1,1.2570841312408447,2.1665046215057373,0,optimal_laps,0.5312201771352041,0.41979814258162035,0.04898168028317556,False
140,16,3,optimal_laps,0,1.078850269317627,2.2917776107788086,0,optimal_laps,0.7142207064969773,0.26662930736059703,0.01914998614242551,True
141,16,4,standard_laps,1,1.1318070888519287,2.7210161685943604,1,standard_laps,0.39980882311862637,0.4607411384467447,0.13945003843462903,True
142,16,5,optimal_laps,0,1.1986594200134275,2.1110854148864746,0,optimal_laps,0.6444890140769771,0.3303554562365706,0.025155529686452238,True
145,16,8,optimal_laps,0,1.290516376495361,2.131611585617065,0,optimal_laps,0.5000232865902527,0.4448904351713964,0.05508627823835089,True
146,16,9,standard_laps,1,1.2589280605316162,2.5306875705718994,1,standard_laps,0.3184176225661994,0.5150704014300278,0.16651197600377277,True
147,16,10,optimal_laps,0,1.0289306640625,2.149874687194824,0,optimal_laps,0.8177036386714533,0.1755605196564493,0.0067358416720973615,True
148,17,1,optimal_laps,0,1.135148286819458,1.845938205718994,0,optimal_laps,0.8660399143443446,0.130022534711804,0.0039375509438512556,True
149,17,2,standard_laps,1,1.084770917892456,1.925271272659301,0,optimal_laps,0.8811633747492889,0.11527506972363584,0.0035615555270752173,False
150,17,3,standard_laps,1,1.129957914352417,2.5769708156585693,0,optimal_laps,0.5094964433828129,0.39234803335255997,0.09815552326462722,False
152,17,5,standard_laps,1,1.365225076675415,2.3408846855163574,1,standard_laps,0.2730788589793942,0.5435871925541416,0.18333394846646428,True
153,17,6,standard_laps,1,1.597193956375122,2.3816933631896973,2,sub_standard_laps,0.049966291686880375,0.47358260147575654,0.476451106837363,False
154,17,7,optimal_laps,0,1.1274709701538086,2.05104398727417,0,optimal_laps,0.8061026020073471,0.18407639138526585,0.009821006607387038,True
155,17,8,optimal_laps,0,1.0312378406524658,2.451707601547241,0,optimal_laps,0.743261208748896,0.2303244915274015,0.026414299723702413,True
156,17,9,sub_standard_laps,2,2.0053577423095703,2.4931750297546387,2,sub_standard_laps,0.0007082925339949267,0.11448912086038177,0.8848025866056233,True
157,17,10,optimal_laps,0,1.192399024963379,1.970649480819702,0,optimal_laps,0.7677408667174229,0.22006380464804087,0.012195328634536236,True
158,17,11,standard_laps,1,1.3031864166259766,2.5662388801574707,1,standard_laps,0.2285149260602726,0.5137292340188815,0.25775583992084594,True
159,17,12,standard_laps,1,1.080779790878296,2.6297497749328613,0,optimal_laps,0.5594568116771111,0.35602459392797975,0.08451859439490918,False
160,17,13,optimal_laps,0,1.1090903282165527,1.971857070922852,0,optimal_laps,0.8500946526193075,0.14425072159869193,0.005654625782000565,True
161,17,14,sub_standard_laps,2,2.15435528755188,1.9005639553070068,2,sub_standard_laps,0.00260833922620979,0.2799663928281928,0.7174252679455974,True
163,18,2,optimal_laps,0,1.2327313423156738,2.375963926315308,1,standard_laps,0.42626474506182266,0.48416630557352325,0.08956894936465411,False
165,18,4,standard_laps,1,1.3184525966644287,2.0848288536071777,0,optimal_laps,0.523037035374266,0.4248748232356344,0.05208814139009944,False
166,18,5,optimal_laps,0,1.0970425605773926,2.484555721282959,0,optimal_laps,0.5541226013681001,0.3939122490068078,0.05196514962509197,True
167,18,6,standard_laps,1,1.229271650314331,2.9703714847564697,1,standard_laps,0.07799135533074501,0.46889414017691716,0.45311450449233787,True
168,18,7,optimal_laps,0,1.002866268157959,2.3822920322418213,0,optimal_laps,0.7519432554151253,0.233279949038302,0.014776795546572642,True
169,18,8,optimal_laps,0,1.2317121028900146,2.353782415390014,1,standard_laps,0.4456751910034742,0.4725765189128074,0.08174829008371834,False
170,18,9,optimal_laps,0,1.1317269802093506,2.53052282333374,0,optimal_laps,0.46242657162394024,0.45676178407450824,0.08081164430155158,True
172,19,1,standard_laps,1,1.3337793350219729,2.538154125213623,1,standard_laps,0.18917842535147864,0.5588114655934714,0.25201010905505,True
173,19,2,standard_laps,1,1.0815505981445312,2.50256872177124,0,optimal_laps,0.5861454075120446,0.36658632264747476,0.04726826984048081,False
174,19,3,standard_laps,1,1.5845818519592283,2.2888429164886475,1,standard_laps,0.08091962729386173,0.5487462487563113,0.370334123949827,True
175,19,4,sub_standard_laps,2,1.3701436519622805,3.089341402053833,2,sub_standard_laps,0.018231200155393763,0.2642530853003288,0.7175157145442774,True
176,19,5,optimal_laps,0,1.081775426864624,2.4892141819000244,0,optimal_laps,0.594957004853196,0.3603342376276059,0.04470875751919801,True
178,19,7,sub_standard_laps,2,1.8785593509674072,1.964900016784668,1,standard_laps,0.029459309751483573,0.4887888943983686,0.4817517958501477,False
