global_lap_num,session,session_lap_num,class_name,class_index,s1_time_ms,s1_time_seconds,incident,brake_image_1,brake_image_2,throttle_image_1,throttle_image_2,raw_brake_image_1,raw_brake_image_2,raw_throttle_image_1,raw_throttle_image_2,delta_1_seconds,delta_2_seconds,delta_gap_seconds,mean_delta_seconds,has_delta_data,split
3,1,3,sub_standard_laps,2,28935,28.935,none,Data/cnn-classes/sub_standard_laps/lap_0003_brake_01.png,Data/cnn-classes/sub_standard_laps/lap_0003_brake_02.png,Data/cnn-classes/sub_standard_laps/lap_0003_throttle_01.png,Data/cnn-classes/sub_standard_laps/lap_0003_throttle_02.png,Data/image-data/session-1/brake/Lap_3_Brake hit_1.png,Data/image-data/session-1/brake/Lap_3_Brake hit_2.png,Data/image-data/session-1/throttle/Lap_3_Throttle hit_1.png,Data/image-data/session-1/throttle/Lap_3_Throttle hit_2.png,,,,,False,test
4,1,4,sub_standard_laps,2,29188,29.188,none,Data/cnn-classes/sub_standard_laps/lap_0004_brake_01.png,Data/cnn-classes/sub_standard_laps/lap_0004_brake_02.png,Data/cnn-classes/sub_standard_laps/lap_0004_throttle_01.png,Data/cnn-classes/sub_standard_laps/lap_0004_throttle_02.png,Data/image-data/session-1/brake/Lap_4_Brake hit_1.png,Data/image-data/session-1/brake/Lap_4_Brake hit_2.png,Data/image-data/session-1/throttle/Lap_4_Throttle hit_1.png,Data/image-data/session-1/throttle/Lap_4_Throttle hit_2.png,,,,,False,test
5,1,5,standard_laps,1,28478,28.478,none,Data/cnn-classes/standard_laps/lap_0005_brake_01.png,Data/cnn-classes/standard_laps/lap_0005_brake_02.png,Data/cnn-classes/standard_laps/lap_0005_throttle_01.png,Data/cnn-classes/standard_laps/lap_0005_throttle_02.png,Data/image-data/session-1/brake/Lap_5_Brake hit_1.png,Data/image-data/session-1/brake/Lap_5_Brake hit_2.png,Data/image-data/session-1/throttle/Lap_5_Throttle hit_1.png,Data/image-data/session-1/throttle/Lap_5_Throttle hit_2.png,,,,,False,test
6,1,6,standard_laps,1,28420,28.42,none,Data/cnn-classes/standard_laps/lap_0006_brake_01.png,Data/cnn-classes/standard_laps/lap_0006_brake_02.png,Data/cnn-classes/standard_laps/lap_0006_throttle_01.png,Data/cnn-classes/standard_laps/lap_0006_throttle_02.png,Data/image-data/session-1/brake/Lap_6_Brake hit_1.png,Data/image-data/session-1/brake/Lap_6_Brake hit_2.png,Data/image-data/session-1/throttle/Lap_6_Throttle hit_1.png,Data/image-data/session-1/throttle/Lap_6_Throttle hit_2.png,,,,,False,test
8,1,8,sub_standard_laps,2,28812,28.812,none,Data/cnn-classes/sub_standard_laps/lap_0008_brake_01.png,Data/cnn-classes/sub_standard_laps/lap_0008_brake_02.png,Data/cnn-classes/sub_standard_laps/lap_0008_throttle_01.png,Data/cnn-classes/sub_standard_laps/lap_0008_throttle_02.png,Data/image-data/session-1/brake/Lap_8_Brake hit_1.png,Data/image-data/session-1/brake/Lap_8_Brake hit_2.png,Data/image-data/session-1/throttle/Lap_8_Throttle hit_1.png,Data/image-data/session-1/throttle/Lap_8_Throttle hit_2.png,,,,,False,test
9,1,9,sub_standard_laps,2,28980,28.98,none,Data/cnn-classes/sub_standard_laps/lap_0009_brake_01.png,Data/cnn-classes/sub_standard_laps/lap_0009_brake_02.png,Data/cnn-classes/sub_standard_laps/lap_0009_throttle_01.png,Data/cnn-classes/sub_standard_laps/lap_0009_throttle_02.png,Data/image-data/session-1/brake/Lap_9_Brake hit_1.png,Data/image-data/session-1/brake/Lap_9_Brake hit_2.png,Data/image-data/session-1/throttle/Lap_9_Throttle hit_1.png,Data/image-data/session-1/throttle/Lap_9_Throttle hit_2.png,,,,,False,test
10,1,10,standard_laps,1,28500,28.5,none,Data/cnn-classes/standard_laps/lap_0010_brake_01.png,Data/cnn-classes/standard_laps/lap_0010_brake_02.png,Data/cnn-classes/standard_laps/lap_0010_throttle_01.png,Data/cnn-classes/standard_laps/lap_0010_throttle_02.png,Data/image-data/session-1/brake/Lap_10_Brake hit_1.png,Data/image-data/session-1/brake/Lap_10_Brake hit_2.png,Data/image-data/session-1/throttle/Lap_10_Throttle hit_1.png,Data/image-data/session-1/throttle/Lap_10_Throttle hit_2.png,,,,,False,test
11,2,1,sub_standard_laps,2,29467,29.467,none,Data/cnn-classes/sub_standard_laps/lap_0011_brake_01.png,Data/cnn-classes/sub_standard_laps/lap_0011_brake_02.png,Data/cnn-classes/sub_standard_laps/lap_0011_throttle_01.png,Data/cnn-classes/sub_standard_laps/lap_0011_throttle_02.png,Data/image-data/session-2/brake/Lap_1_Brake hit_1.png,Data/image-data/session-2/brake/Lap_1_Brake hit_2.png,Data/image-data/session-2/throttle/Lap_1_Throttle hit_1.png,Data/image-data/session-2/throttle/Lap_1_Throttle hit_2.png,,,,,False,train
12,2,2,sub_standard_laps,2,29346,29.346,none,Data/cnn-classes/sub_standard_laps/lap_0012_brake_01.png,Data/cnn-classes/sub_standard_laps/lap_0012_brake_02.png,Data/cnn-classes/sub_standard_laps/lap_0012_throttle_01.png,Data/cnn-classes/sub_standard_laps/lap_0012_throttle_02.png,Data/image-data/session-2/brake/Lap_2_Brake hit_1.png,Data/image-data/session-2/brake/Lap_2_Brake hit_2.png,Data/image-data/session-2/throttle/Lap_2_Throttle hit_1.png,Data/image-data/session-2/throttle/Lap_2_Throttle hit_2.png,,,,,False,train
16,2,6,standard_laps,1,28395,28.395,none,Data/cnn-classes/standard_laps/lap_0016_brake_01.png,Data/cnn-classes/standard_laps/lap_0016_brake_02.png,Data/cnn-classes/standard_laps/lap_0016_throttle_01.png,Data/cnn-classes/standard_laps/lap_0016_throttle_02.png,Data/image-data/session-2/brake/Lap_6_Brake hit_1.png,Data/image-data/session-2/brake/Lap_6_Brake hit_2.png,Data/image-data/session-2/throttle/Lap_6_Throttle hit_1.png,Data/image-data/session-2/throttle/Lap_6_Throttle hit_2.png,,,,,False,train
18,2,8,standard_laps,1,28483,28.483,none,Data/cnn-classes/standard_laps/lap_0018_brake_01.png,Data/cnn-classes/standard_laps/lap_0018_brake_02.png,Data/cnn-classes/standard_laps/lap_0018_throttle_01.png,Data/cnn-classes/standard_laps/lap_0018_throttle_02.png,Data/image-data/session-2/brake/Lap_8_Brake hit_1.png,Data/image-data/session-2/brake/Lap_8_Brake hit_2.png,Data/image-data/session-2/throttle/Lap_8_Throttle hit_1.png,Data/image-data/session-2/throttle/Lap_8_Throttle hit_2.png,,,,,False,train
19,2,9,sub_standard_laps,2,28828,28.828,none,Data/cnn-classes/sub_standard_laps/lap_0019_brake_01.png,Data/cnn-classes/sub_standard_laps/lap_0019_brake_02.png,Data/cnn-classes/sub_standard_laps/lap_0019_throttle_01.png,Data/cnn-classes/sub_standard_laps/lap_0019_throttle_02.png,Data/image-data/session-2/brake/Lap_9_Brake hit_1.png,Data/image-data/session-2/brake/Lap_9_Brake hit_2.png,Data/image-data/session-2/throttle/Lap_9_Throttle hit_1.png,Data/image-data/session-2/throttle/Lap_9_Throttle hit_2.png,,,,,False,train
21,2,11,sub_standard_laps,2,28897,28.897,none,Data/cnn-classes/sub_standard_laps/lap_0021_brake_01.png,Data/cnn-classes/sub_standard_laps/lap_0021_brake_02.png,Data/cnn-classes/sub_standard_laps/lap_0021_throttle_01.png,Data/cnn-classes/sub_standard_laps/lap_0021_throttle_02.png,Data/image-data/session-2/brake/Lap_11_Brake hit_1.png,Data/image-data/session-2/brake/Lap_11_Brake hit_2.png,Data/image-data/session-2/throttle/Lap_11_Throttle hit_1.png,Data/image-data/session-2/throttle/Lap_11_Throttle hit_2.png,,,,,False,train
22,3,1,sub_standard_laps,2,28857,28.857,none,Data/cnn-classes/sub_standard_laps/lap_0022_brake_01.png,Data/cnn-classes/sub_standard_laps/lap_0022_brake_02.png,Data/cnn-classes/sub_standard_laps/lap_0022_throttle_01.png,Data/cnn-classes/sub_standard_laps/lap_0022_throttle_02.png,Data/image-data/session-3/brake/Lap_1_Brake hit_1.png,Data/image-data/session-3/brake/Lap_1_Brake hit_2.png,Data/image-data/session-3/throttle/Lap_1_Throttle hit_1.png,Data/image-data/session-3/throttle/Lap_1_Throttle hit_2.png,,,,,False,train
24,3,3,standard_laps,1,28361,28.361,none,Data/cnn-classes/standard_laps/lap_0024_brake_01.png,Data/cnn-classes/standard_laps/lap_0024_brake_02.png,Data/cnn-classes/standard_laps/lap_0024_throttle_01.png,Data/cnn-classes/standard_laps/lap_0024_throttle_02.png,Data/image-data/session-3/brake/Lap_3_Brake hit_1.png,Data/image-data/session-3/brake/Lap_3_Brake hit_2.png,Data/image-data/session-3/throttle/Lap_3_Throttle hit_1.png,Data/image-data/session-3/throttle/Lap_3_Throttle hit_2.png,,,,,False,train
25,3,4,optimal_laps,0,27975,27.975,none,Data/cnn-classes/optimal_laps/lap_0025_brake_01.png,Data/cnn-classes/optimal_laps/lap_0025_brake_02.png,Data/cnn-classes/optimal_laps/lap_0025_throttle_01.png,Data/cnn-classes/optimal_laps/lap_0025_throttle_02.png,Data/image-data/session-3/brake/Lap_4_Brake hit_1.png,Data/image-data/session-3/brake/Lap_4_Brake hit_2.png,Data/image-data/session-3/throttle/Lap_4_Throttle hit_1.png,Data/image-data/session-3/throttle/Lap_4_Throttle hit_2.png,,,,,False,train
26,4,1,standard_laps,1,28390,28.39,none,Data/cnn-classes/standard_laps/lap_0026_brake_01.png,Data/cnn-classes/standard_laps/lap_0026_brake_02.png,Data/cnn-classes/standard_laps/lap_0026_throttle_01.png,Data/cnn-classes/standard_laps/lap_0026_throttle_02.png,Data/image-data/session-4/brake/Lap_1_Brake hit_1.png,Data/image-data/session-4/brake/Lap_1_Brake hit_2.png,Data/image-data/session-4/throttle/Lap_1_Throttle hit_1.png,Data/image-data/session-4/throttle/Lap_1_Throttle hit_2.png,,,,,False,train
28,4,3,sub_standard_laps,2,29430,29.43,none,Data/cnn-classes/sub_standard_laps/lap_0028_brake_01.png,Data/cnn-classes/sub_standard_laps/lap_0028_brake_02.png,Data/cnn-classes/sub_standard_laps/lap_0028_throttle_01.png,Data/cnn-classes/sub_standard_laps/lap_0028_throttle_02.png,Data/image-data/session-4/brake/Lap_3_Brake hit_1.png,Data/image-data/session-4/brake/Lap_3_Brake hit_2.png,Data/image-data/session-4/throttle/Lap_3_Throttle hit_1.png,Data/image-data/session-4/throttle/Lap_3_Throttle hit_2.png,,,,,False,train
29,4,4,standard_laps,1,28335,28.335,none,Data/cnn-classes/standard_laps/lap_0029_brake_01.png,Data/cnn-classes/standard_laps/lap_0029_brake_02.png,Data/cnn-classes/standard_laps/lap_0029_throttle_01.png,Data/cnn-classes/standard_laps/lap_0029_throttle_02.png,Data/image-data/session-4/brake/Lap_4_Brake hit_1.png,Data/image-data/session-4/brake/Lap_4_Brake hit_2.png,Data/image-data/session-4/throttle/Lap_4_Throttle hit_1.png,Data/image-data/session-4/throttle/Lap_4_Throttle hit_2.png,,,,,False,train
31,4,6,standard_laps,1,28241,28.241,none,Data/cnn-classes/standard_laps/lap_0031_brake_01.png,Data/cnn-classes/standard_laps/lap_0031_brake_02.png,Data/cnn-classes/standard_laps/lap_0031_throttle_01.png,Data/cnn-classes/standard_laps/lap_0031_throttle_02.png,Data/image-data/session-4/brake/Lap_6_Brake hit_1.png,Data/image-data/session-4/brake/Lap_6_Brake hit_2.png,Data/image-data/session-4/throttle/Lap_6_Throttle hit_1.png,Data/image-data/session-4/throttle/Lap_6_Throttle hit_2.png,,,,,False,train
32,4,7,sub_standard_laps,2,29498,29.498,none,Data/cnn-classes/sub_standard_laps/lap_0032_brake_01.png,Data/cnn-classes/sub_standard_laps/lap_0032_brake_02.png,Data/cnn-classes/sub_standard_laps/lap_0032_throttle_01.png,Data/cnn-classes/sub_standard_laps/lap_0032_throttle_02.png,Data/image-data/session-4/brake/Lap_7_Brake hit_1.png,Data/image-data/session-4/brake/Lap_7_Brake hit_2.png,Data/image-data/session-4/throttle/Lap_7_Throttle hit_1.png,Data/image-data/session-4/throttle/Lap_7_Throttle hit_2.png,,,,,False,train
33,4,8,standard_laps,1,28566,28.566,none,Data/cnn-classes/standard_laps/lap_0033_brake_01.png,Data/cnn-classes/standard_laps/lap_0033_brake_02.png,Data/cnn-classes/standard_laps/lap_0033_throttle_01.png,Data/cnn-classes/standard_laps/lap_0033_throttle_02.png,Data/image-data/session-4/brake/Lap_8_Brake hit_1.png,Data/image-data/session-4/brake/Lap_8_Brake hit_2.png,Data/image-data/session-4/throttle/Lap_8_Throttle hit_1.png,Data/image-data/session-4/throttle/Lap_8_Throttle hit_2.png,,,,,False,train
35,4,10,standard_laps,1,28426,28.426,none,Data/cnn-classes/standard_laps/lap_0035_brake_01.png,Data/cnn-classes/standard_laps/lap_0035_brake_02.png,Data/cnn-classes/standard_laps/lap_0035_throttle_01.png,Data/cnn-classes/standard_laps/lap_0035_throttle_02.png,Data/image-data/session-4/brake/Lap_10_Brake hit_1.png,Data/image-data/session-4/brake/Lap_10_Brake hit_2.png,Data/image-data/session-4/throttle/Lap_10_Throttle hit_1.png,Data/image-data/session-4/throttle/Lap_10_Throttle hit_2.png,,,,,False,train
36,4,11,standard_laps,1,28640,28.64,none,Data/cnn-classes/standard_laps/lap_0036_brake_01.png,Data/cnn-classes/standard_laps/lap_0036_brake_02.png,Data/cnn-classes/standard_laps/lap_0036_throttle_01.png,Data/cnn-classes/standard_laps/lap_0036_throttle_02.png,Data/image-data/session-4/brake/Lap_11_Brake hit_1.png,Data/image-data/session-4/brake/Lap_11_Brake hit_2.png,Data/image-data/session-4/throttle/Lap_11_Throttle hit_1.png,Data/image-data/session-4/throttle/Lap_11_Throttle hit_2.png,,,,,False,train
38,5,2,standard_laps,1,28297,28.297,none,Data/cnn-classes/standard_laps/lap_0038_brake_01.png,Data/cnn-classes/standard_laps/lap_0038_brake_02.png,Data/cnn-classes/standard_laps/lap_0038_throttle_01.png,Data/cnn-classes/standard_laps/lap_0038_throttle_02.png,Data/image-data/session-5/brake/Lap_2_Brake hit_1.png,Data/image-data/session-5/brake/Lap_2_Brake hit_2.png,Data/image-data/session-5/throttle/Lap_2_Throttle hit_1.png,Data/image-data/session-5/throttle/Lap_2_Throttle hit_2.png,,,,,False,train
43,5,7,sub_standard_laps,2,28691,28.691,none,Data/cnn-classes/sub_standard_laps/lap_0043_brake_01.png,Data/cnn-classes/sub_standard_laps/lap_0043_brake_02.png,Data/cnn-classes/sub_standard_laps/lap_0043_throttle_01.png,Data/cnn-classes/sub_standard_laps/lap_0043_throttle_02.png,Data/image-data/session-5/brake/Lap_7_Brake hit_1.png,Data/image-data/session-5/brake/Lap_7_Brake hit_2.png,Data/image-data/session-5/throttle/Lap_7_Throttle hit_1.png,Data/image-data/session-5/throttle/Lap_7_Throttle hit_2.png,,,,,False,train
46,5,10,sub_standard_laps,2,28901,28.901,none,Data/cnn-classes/sub_standard_laps/lap_0046_brake_01.png,Data/cnn-classes/sub_standard_laps/lap_0046_brake_02.png,Data/cnn-classes/sub_standard_laps/lap_0046_throttle_01.png,Data/cnn-classes/sub_standard_laps/lap_0046_throttle_02.png,Data/image-data/session-5/brake/Lap_10_Brake hit_1.png,Data/image-data/session-5/brake/Lap_10_Brake hit_2.png,Data/image-data/session-5/throttle/Lap_10_Throttle hit_1.png,Data/image-data/session-5/throttle/Lap_10_Throttle hit_2.png,,,,,False,train
47,5,11,sub_standard_laps,2,29194,29.194,none,Data/cnn-classes/sub_standard_laps/lap_0047_brake_01.png,Data/cnn-classes/sub_standard_laps/lap_0047_brake_02.png,Data/cnn-classes/sub_standard_laps/lap_0047_throttle_01.png,Data/cnn-classes/sub_standard_laps/lap_0047_throttle_02.png,Data/image-data/session-5/brake/Lap_11_Brake hit_1.png,Data/image-data/session-5/brake/Lap_11_Brake hit_2.png,Data/image-data/session-5/throttle/Lap_11_Throttle hit_1.png,Data/image-data/session-5/throttle/Lap_11_Throttle hit_2.png,,,,,False,train
48,6,1,standard_laps,1,28263,28.263,none,Data/cnn-classes/standard_laps/lap_0048_brake_01.png,Data/cnn-classes/standard_laps/lap_0048_brake_02.png,Data/cnn-classes/standard_laps/lap_0048_throttle_01.png,Data/cnn-classes/standard_laps/lap_0048_throttle_02.png,Data/image-data/session-6/brake/Lap_1_Brake hit_1.png,Data/image-data/session-6/brake/Lap_1_Brake hit_2.png,Data/image-data/session-6/throttle/Lap_1_Throttle hit_1.png,Data/image-data/session-6/throttle/Lap_1_Throttle hit_2.png,1.330505132675171,2.5443592071533203,1.2138540744781494,1.9374321699142456,True,test
50,6,3,standard_laps,1,28321,28.321,none,Data/cnn-classes/standard_laps/lap_0050_brake_01.png,Data/cnn-classes/standard_laps/lap_0050_brake_02.png,Data/cnn-classes/standard_laps/lap_0050_throttle_01.png,Data/cnn-classes/standard_laps/lap_0050_throttle_02.png,Data/image-data/session-6/brake/Lap_3_Brake hit_1.png,Data/image-data/session-6/brake/Lap_3_Brake hit_2.png,Data/image-data/session-6/throttle/Lap_3_Throttle hit_1.png,Data/image-data/session-6/throttle/Lap_3_Throttle hit_2.png,1.3782010078430176,2.5585391521453857,1.1803381443023682,1.9683700799942017,True,test
51,6,4,standard_laps,1,28483,28.483,none,Data/cnn-classes/standard_laps/lap_0051_brake_01.png,Data/cnn-classes/standard_laps/lap_0051_brake_02.png,Data/cnn-classes/standard_laps/lap_0051_throttle_01.png,Data/cnn-classes/standard_laps/lap_0051_throttle_02.png,Data/image-data/session-6/brake/Lap_4_Brake hit_1.png,Data/image-data/session-6/brake/Lap_4_Brake hit_2.png,Data/image-data/session-6/throttle/Lap_4_Throttle hit_1.png,Data/image-data/session-6/throttle/Lap_4_Throttle hit_2.png,1.6070523262023926,2.64884090423584,1.0417885780334473,2.127946615219116,True,test
53,6,6,standard_laps,1,28366,28.366,none,Data/cnn-classes/standard_laps/lap_0053_brake_01.png,Data/cnn-classes/standard_laps/lap_0053_brake_02.png,Data/cnn-classes/standard_laps/lap_0053_throttle_01.png,Data/cnn-classes/standard_laps/lap_0053_throttle_02.png,Data/image-data/session-6/brake/Lap_6_Brake hit_1.png,Data/image-data/session-6/brake/Lap_6_Brake hit_2.png,Data/image-data/session-6/throttle/Lap_6_Throttle hit_1.png,Data/image-data/session-6/throttle/Lap_6_Throttle hit_2.png,1.4015560150146484,2.515643119812012,1.1140871047973633,1.95859956741333,True,test
55,6,8,sub_standard_laps,2,28791,28.791,none,Data/cnn-classes/sub_standard_laps/lap_0055_brake_01.png,Data/cnn-classes/sub_standard_laps/lap_0055_brake_02.png,Data/cnn-classes/sub_standard_laps/lap_0055_throttle_01.png,Data/cnn-classes/sub_standard_laps/lap_0055_throttle_02.png,Data/image-data/session-6/brake/Lap_8_Brake hit_1.png,Data/image-data/session-6/brake/Lap_8_Brake hit_2.png,Data/image-data/session-6/throttle/Lap_8_Throttle hit_1.png,Data/image-data/session-6/throttle/Lap_8_Throttle hit_2.png,1.4284217357635498,2.187508106231689,0.7590863704681396,1.80796492099762,True,test
60,7,4,optimal_laps,0,27738,27.738,none,Data/cnn-classes/optimal_laps/lap_0060_brake_01.png,Data/cnn-classes/optimal_laps/lap_0060_brake_02.png,Data/cnn-classes/optimal_laps/lap_0060_throttle_01.png,Data/cnn-classes/optimal_laps/lap_0060_throttle_02.png,Data/image-data/session-7/brake/Lap_4_Brake hit_1.png,Data/image-data/session-7/brake/Lap_4_Brake hit_2.png,Data/image-data/session-7/throttle/Lap_4_Throttle hit_1.png,Data/image-data/session-7/throttle/Lap_4_Throttle hit_2.png,1.0230348110198977,2.783273696899414,1.7602388858795166,1.903154253959656,True,validation
61,7,5,sub_standard_laps,2,28742,28.742,none,Data/cnn-classes/sub_standard_laps/lap_0061_brake_01.png,Data/cnn-classes/sub_standard_laps/lap_0061_brake_02.png,Data/cnn-classes/sub_standard_laps/lap_0061_throttle_01.png,Data/cnn-classes/sub_standard_laps/lap_0061_throttle_02.png,Data/image-data/session-7/brake/Lap_5_Brake hit_1.png,Data/image-data/session-7/brake/Lap_5_Brake hit_2.png,Data/image-data/session-7/throttle/Lap_5_Throttle hit_1.png,Data/image-data/session-7/throttle/Lap_5_Throttle hit_2.png,1.6941251754760742,2.61402440071106,0.9198992252349854,2.154074788093567,True,validation
62,7,6,standard_laps,1,28268,28.268,none,Data/cnn-classes/standard_laps/lap_0062_brake_01.png,Data/cnn-classes/standard_laps/lap_0062_brake_02.png,Data/cnn-classes/standard_laps/lap_0062_throttle_01.png,Data/cnn-classes/standard_laps/lap_0062_throttle_02.png,Data/image-data/session-7/brake/Lap_6_Brake hit_1.png,Data/image-data/session-7/brake/Lap_6_Brake hit_2.png,Data/image-data/session-7/throttle/Lap_6_Throttle hit_1.png,Data/image-data/session-7/throttle/Lap_6_Throttle hit_2.png,1.1517844200134275,3.0224781036376958,1.870693683624268,2.087131261825561,True,validation
63,7,7,standard_laps,1,28287,28.287,none,Data/cnn-classes/standard_laps/lap_0063_brake_01.png,Data/cnn-classes/standard_laps/lap_0063_brake_02.png,Data/cnn-classes/standard_laps/lap_0063_throttle_01.png,Data/cnn-classes/standard_laps/lap_0063_throttle_02.png,Data/image-data/session-7/brake/Lap_7_Brake hit_1.png,Data/image-data/session-7/brake/Lap_7_Brake hit_2.png,Data/image-data/session-7/throttle/Lap_7_Throttle hit_1.png,Data/image-data/session-7/throttle/Lap_7_Throttle hit_2.png,1.1383581161499023,2.626997232437134,1.4886391162872314,1.882677674293518,True,validation
65,7,9,sub_standard_laps,2,29667,29.667,none,Data/cnn-classes/sub_standard_laps/lap_0065_brake_01.png,Data/cnn-classes/sub_standard_laps/lap_0065_brake_02.png,Data/cnn-classes/sub_standard_laps/lap_0065_throttle_01.png,Data/cnn-classes/sub_standard_laps/lap_0065_throttle_02.png,Data/image-data/session-7/brake/Lap_9_Brake hit_1.png,Data/image-data/session-7/brake/Lap_9_Brake hit_2.png,Data/image-data/session-7/throttle/Lap_9_Throttle hit_1.png,Data/image-data/session-7/throttle/Lap_9_Throttle hit_2.png,2.21328353881836,2.3482329845428467,0.1349494457244873,2.280758261680603,True,validation
67,7,11,sub_standard_laps,2,28902,28.902,none,Data/cnn-classes/sub_standard_laps/lap_0067_brake_01.png,Data/cnn-classes/sub_standard_laps/lap_0067_brake_02.png,Data/cnn-classes/sub_standard_laps/lap_0067_throttle_01.png,Data/cnn-classes/sub_standard_laps/lap_0067_throttle_02.png,Data/image-data/session-7/brake/Lap_11_Brake hit_1.png,Data/image-data/session-7/brake/Lap_11_Brake hit_2.png,Data/image-data/session-7/throttle/Lap_11_Throttle hit_1.png,Data/image-data/session-7/throttle/Lap_11_Throttle hit_2.png,1.325571060180664,2.9569568634033203,1.6313858032226562,2.141263961791992,True,validation
70,8,3,sub_standard_laps,2,28933,28.933,none,Data/cnn-classes/sub_standard_laps/lap_0070_brake_01.png,Data/cnn-classes/sub_standard_laps/lap_0070_brake_02.png,Data/cnn-classes/sub_standard_laps/lap_0070_throttle_01.png,Data/cnn-classes/sub_standard_laps/lap_0070_throttle_02.png,Data/image-data/session-8/brake/Lap_3_Brake hit_1.png,Data/image-data/session-8/brake/Lap_3_Brake hit_2.png,Data/image-data/session-8/throttle/Lap_3_Throttle hit_1.png,Data/image-data/session-8/throttle/Lap_3_Throttle hit_2.png,1.1870827674865725,2.920216560363769,1.7331337928771973,2.053649663925171,True,train
71,8,4,standard_laps,1,28536,28.536,none,Data/cnn-classes/standard_laps/lap_0071_brake_01.png,Data/cnn-classes/standard_laps/lap_0071_brake_02.png,Data/cnn-classes/standard_laps/lap_0071_throttle_01.png,Data/cnn-classes/standard_laps/lap_0071_throttle_02.png,Data/image-data/session-8/brake/Lap_4_Brake hit_1.png,Data/image-data/session-8/brake/Lap_4_Brake hit_2.png,Data/image-data/session-8/throttle/Lap_4_Throttle hit_1.png,Data/image-data/session-8/throttle/Lap_4_Throttle hit_2.png,1.624111890792847,2.529339075088501,0.9052271842956544,2.076725482940674,True,train
73,8,6,standard_laps,1,28223,28.223,none,Data/cnn-classes/standard_laps/lap_0073_brake_01.png,Data/cnn-classes/standard_laps/lap_0073_brake_02.png,Data/cnn-classes/standard_laps/lap_0073_throttle_01.png,Data/cnn-classes/standard_laps/lap_0073_throttle_02.png,Data/image-data/session-8/brake/Lap_6_Brake hit_1.png,Data/image-data/session-8/brake/Lap_6_Brake hit_2.png,Data/image-data/session-8/throttle/Lap_6_Throttle hit_1.png,Data/image-data/session-8/throttle/Lap_6_Throttle hit_2.png,1.184779167175293,2.949165344238281,1.7643861770629885,2.066972255706787,True,train
74,8,7,standard_laps,1,28489,28.489,none,Data/cnn-classes/standard_laps/lap_0074_brake_01.png,Data/cnn-classes/standard_laps/lap_0074_brake_02.png,Data/cnn-classes/standard_laps/lap_0074_throttle_01.png,Data/cnn-classes/standard_laps/lap_0074_throttle_02.png,Data/image-data/session-8/brake/Lap_7_Brake hit_1.png,Data/image-data/session-8/brake/Lap_7_Brake hit_2.png,Data/image-data/session-8/throttle/Lap_7_Throttle hit_1.png,Data/image-data/session-8/throttle/Lap_7_Throttle hit_2.png,1.6503453254699707,2.992475986480713,1.3421306610107422,2.321410655975342,True,train
75,8,8,standard_laps,1,28408,28.408,none,Data/cnn-classes/standard_laps/lap_0075_brake_01.png,Data/cnn-classes/standard_laps/lap_0075_brake_02.png,Data/cnn-classes/standard_laps/lap_0075_throttle_01.png,Data/cnn-classes/standard_laps/lap_0075_throttle_02.png,Data/image-data/session-8/brake/Lap_8_Brake hit_1.png,Data/image-data/session-8/brake/Lap_8_Brake hit_2.png,Data/image-data/session-8/throttle/Lap_8_Throttle hit_1.png,Data/image-data/session-8/throttle/Lap_8_Throttle hit_2.png,1.7128939628601074,2.634553909301758,0.9216599464416504,2.1737239360809326,True,train
77,8,10,standard_laps,1,28191,28.191,none,Data/cnn-classes/standard_laps/lap_0077_brake_01.png,Data/cnn-classes/standard_laps/lap_0077_brake_02.png,Data/cnn-classes/standard_laps/lap_0077_throttle_01.png,Data/cnn-classes/standard_laps/lap_0077_throttle_02.png,Data/image-data/session-8/brake/Lap_10_Brake hit_1.png,Data/image-data/session-8/brake/Lap_10_Brake hit_2.png,Data/image-data/session-8/throttle/Lap_10_Throttle hit_1.png,Data/image-data/session-8/throttle/Lap_10_Throttle hit_2.png,1.1617155075073242,2.354209899902344,1.1924943923950195,1.757962703704834,True,train
79,9,2,sub_standard_laps,2,29531,29.531,none,Data/cnn-classes/sub_standard_laps/lap_0079_brake_01.png,Data/cnn-classes/sub_standard_laps/lap_0079_brake_02.png,Data/cnn-classes/sub_standard_laps/lap_0079_throttle_01.png,Data/cnn-classes/sub_standard_laps/lap_0079_throttle_02.png,Data/image-data/session-9/brake/Lap_2_Brake hit_1.png,Data/image-data/session-9/brake/Lap_2_Brake hit_2.png,Data/image-data/session-9/throttle/Lap_2_Throttle hit_1.png,Data/image-data/session-9/throttle/Lap_2_Throttle hit_2.png,2.093603134155273,3.348637580871582,1.2550344467163086,2.721120357513428,True,train
81,9,4,standard_laps,1,28321,28.321,none,Data/cnn-classes/standard_laps/lap_0081_brake_01.png,Data/cnn-classes/standard_laps/lap_0081_brake_02.png,Data/cnn-classes/standard_laps/lap_0081_throttle_01.png,Data/cnn-classes/standard_laps/lap_0081_throttle_02.png,Data/image-data/session-9/brake/Lap_4_Brake hit_1.png,Data/image-data/session-9/brake/Lap_4_Brake hit_2.png,Data/image-data/session-9/throttle/Lap_4_Throttle hit_1.png,Data/image-data/session-9/throttle/Lap_4_Throttle hit_2.png,1.513024091720581,2.229769706726074,0.7167456150054932,1.871396899223328,True,train
83,9,6,optimal_laps,0,28101,28.101,none,Data/cnn-classes/optimal_laps/lap_0083_brake_01.png,Data/cnn-classes/optimal_laps/lap_0083_brake_02.png,Data/cnn-classes/optimal_laps/lap_0083_throttle_01.png,Data/cnn-classes/optimal_laps/lap_0083_throttle_02.png,Data/image-data/session-9/brake/Lap_6_Brake hit_1.png,Data/image-data/session-9/brake/Lap_6_Brake hit_2.png,Data/image-data/session-9/throttle/Lap_6_Throttle hit_1.png,Data/image-data/session-9/throttle/Lap_6_Throttle hit_2.png,1.0171310901641846,2.598050355911255,1.5809192657470703,1.80759072303772,True,train
85,10,1,sub_standard_laps,2,29750,29.75,none,Data/cnn-classes/sub_standard_laps/lap_0085_brake_01.png,Data/cnn-classes/sub_standard_laps/lap_0085_brake_02.png,Data/cnn-classes/sub_standard_laps/lap_0085_throttle_01.png,Data/cnn-classes/sub_standard_laps/lap_0085_throttle_02.png,Data/image-data/session-10/brake/Lap_1_Brake hit_1.png,Data/image-data/session-10/brake/Lap_1_Brake hit_2.png,Data/image-data/session-10/throttle/Lap_1_Throttle hit_1.png,Data/image-data/session-10/throttle/Lap_1_Throttle hit_2.png,1.6160471439361572,3.0100529193878174,1.3940057754516602,2.3130500316619877,True,train
87,10,3,standard_laps,1,28171,28.171,none,Data/cnn-classes/standard_laps/lap_0087_brake_01.png,Data/cnn-classes/standard_laps/lap_0087_brake_02.png,Data/cnn-classes/standard_laps/lap_0087_throttle_01.png,Data/cnn-classes/standard_laps/lap_0087_throttle_02.png,Data/image-data/session-10/brake/Lap_3_Brake hit_1.png,Data/image-data/session-10/brake/Lap_3_Brake hit_2.png,Data/image-data/session-10/throttle/Lap_3_Throttle hit_1.png,Data/image-data/session-10/throttle/Lap_3_Throttle hit_2.png,1.0975801944732666,2.7350897789001465,1.63750958442688,1.9163349866867063,True,train
88,10,4,standard_laps,1,28246,28.246,none,Data/cnn-classes/standard_laps/lap_0088_brake_01.png,Data/cnn-classes/standard_laps/lap_0088_brake_02.png,Data/cnn-classes/standard_laps/lap_0088_throttle_01.png,Data/cnn-classes/standard_laps/lap_0088_throttle_02.png,Data/image-data/session-10/brake/Lap_4_Brake hit_1.png,Data/image-data/session-10/brake/Lap_4_Brake hit_2.png,Data/image-data/session-10/throttle/Lap_4_Throttle hit_1.png,Data/image-data/session-10/throttle/Lap_4_Throttle hit_2.png,1.2195510864257812,2.0437419414520264,0.8241908550262451,1.6316465139389038,True,train
89,10,5,sub_standard_laps,2,28999,28.999,none,Data/cnn-classes/sub_standard_laps/lap_0089_brake_01.png,Data/cnn-classes/sub_standard_laps/lap_0089_brake_02.png,Data/cnn-classes/sub_standard_laps/lap_0089_throttle_01.png,Data/cnn-classes/sub_standard_laps/lap_0089_throttle_02.png,Data/image-data/session-10/brake/Lap_5_Brake hit_1.png,Data/image-data/session-10/brake/Lap_5_Brake hit_2.png,Data/image-data/session-10/throttle/Lap_5_Throttle hit_1.png,Data/image-data/session-10/throttle/Lap_5_Throttle hit_2.png,1.5193328857421875,3.0356717109680176,1.51633882522583,2.2775022983551025,True,train
90,10,6,standard_laps,1,28177,28.177,none,Data/cnn-classes/standard_laps/lap_0090_brake_01.png,Data/cnn-classes/standard_laps/lap_0090_brake_02.png,Data/cnn-classes/standard_laps/lap_0090_throttle_01.png,Data/cnn-classes/standard_laps/lap_0090_throttle_02.png,Data/image-data/session-10/brake/Lap_6_Brake hit_1.png,Data/image-data/session-10/brake/Lap_6_Brake hit_2.png,Data/image-data/session-10/throttle/Lap_6_Throttle hit_1.png,Data/image-data/session-10/throttle/Lap_6_Throttle hit_2.png,1.114410638809204,2.5244994163513184,1.4100887775421145,1.8194550275802608,True,train
91,10,7,optimal_laps,0,27789,27.789,none,Data/cnn-classes/optimal_laps/lap_0091_brake_01.png,Data/cnn-classes/optimal_laps/lap_0091_brake_02.png,Data/cnn-classes/optimal_laps/lap_0091_throttle_01.png,Data/cnn-classes/optimal_laps/lap_0091_throttle_02.png,Data/image-data/session-10/brake/Lap_7_Brake hit_1.png,Data/image-data/session-10/brake/Lap_7_Brake hit_2.png,Data/image-data/session-10/throttle/Lap_7_Throttle hit_1.png,Data/image-data/session-10/throttle/Lap_7_Throttle hit_2.png,1.1045451164245603,2.683706045150757,1.5791609287261963,1.8941255807876587,True,train
92,10,8,standard_laps,1,28169,28.169,none,Data/cnn-classes/standard_laps/lap_0092_brake_01.png,Data/cnn-classes/standard_laps/lap_0092_brake_02.png,Data/cnn-classes/standard_laps/lap_0092_throttle_01.png,Data/cnn-classes/standard_laps/lap_0092_throttle_02.png,Data/image-data/session-10/brake/Lap_8_Brake hit_1.png,Data/image-data/session-10/brake/Lap_8_Brake hit_2.png,Data/image-data/session-10/throttle/Lap_8_Throttle hit_1.png,Data/image-data/session-10/throttle/Lap_8_Throttle hit_2.png,1.114415168762207,2.373022556304932,1.2586073875427246,1.7437188625335691,True,train
93,10,9,standard_laps,1,28245,28.245,none,Data/cnn-classes/standard_laps/lap_0093_brake_01.png,Data/cnn-classes/standard_laps/lap_0093_brake_02.png,Data/cnn-classes/standard_laps/lap_0093_throttle_01.png,Data/cnn-classes/standard_laps/lap_0093_throttle_02.png,Data/image-data/session-10/brake/Lap_9_Brake hit_1.png,Data/image-data/session-10/brake/Lap_9_Brake hit_2.png,Data/image-data/session-10/throttle/Lap_9_Throttle hit_1.png,Data/image-data/session-10/throttle/Lap_9_Throttle hit_2.png,1.0357439517974854,2.585441827774048,1.5496978759765625,1.8105928897857664,True,train
96,10,12,optimal_laps,0,28053,28.053,none,Data/cnn-classes/optimal_laps/lap_0096_brake_01.png,Data/cnn-classes/optimal_laps/lap_0096_brake_02.png,Data/cnn-classes/optimal_laps/lap_0096_throttle_01.png,Data/cnn-classes/optimal_laps/lap_0096_throttle_02.png,Data/image-data/session-10/brake/Lap_12_Brake hit_1.png,Data/image-data/session-10/brake/Lap_12_Brake hit_2.png,Data/image-data/session-10/throttle/Lap_12_Throttle hit_1.png,Data/image-data/session-10/throttle/Lap_12_Throttle hit_2.png,1.030689001083374,2.7161760330200195,1.6854870319366455,1.8734325170516968,True,train
97,10,13,standard_laps,1,28439,28.439,none,Data/cnn-classes/standard_laps/lap_0097_brake_01.png,Data/cnn-classes/standard_laps/lap_0097_brake_02.png,Data/cnn-classes/standard_laps/lap_0097_throttle_01.png,Data/cnn-classes/standard_laps/lap_0097_throttle_02.png,Data/image-data/session-10/brake/Lap_13_Brake hit_1.png,Data/image-data/session-10/brake/Lap_13_Brake hit_2.png,Data/image-data/session-10/throttle/Lap_13_Throttle hit_1.png,Data/image-data/session-10/throttle/Lap_13_Throttle hit_2.png,1.5264620780944824,1.9940736293792725,0.46761155128479,1.7602678537368774,True,train
98,10,14,standard_laps,1,28401,28.401,none,Data/cnn-classes/standard_laps/lap_0098_brake_01.png,Data/cnn-classes/standard_laps/lap_0098_brake_02.png,Data/cnn-classes/standard_laps/lap_0098_throttle_01.png,Data/cnn-classes/standard_laps/lap_0098_throttle_02.png,Data/image-data/session-10/brake/Lap_14_Brake hit_1.png,Data/image-data/session-10/brake/Lap_14_Brake hit_2.png,Data/image-data/session-10/throttle/Lap_14_Throttle hit_1.png,Data/image-data/session-10/throttle/Lap_14_Throttle hit_2.png,1.6163814067840576,2.246284008026123,0.6299026012420654,1.9313327074050903,True,train
99,11,1,standard_laps,1,28407,28.407,none,Data/cnn-classes/standard_laps/lap_0099_brake_01.png,Data/cnn-classes/standard_laps/lap_0099_brake_02.png,Data/cnn-classes/standard_laps/lap_0099_throttle_01.png,Data/cnn-classes/standard_laps/lap_0099_throttle_02.png,Data/image-data/session-11/brake/Lap_1_Brake hit_1.png,Data/image-data/session-11/brake/Lap_1_Brake hit_2.png,Data/image-data/session-11/throttle/Lap_1_Throttle hit_1.png,Data/image-data/session-11/throttle/Lap_1_Throttle hit_2.png,1.061455011367798,2.881826162338257,1.820371150970459,1.9716405868530276,True,validation
100,11,2,sub_standard_laps,2,28687,28.687,none,Data/cnn-classes/sub_standard_laps/lap_0100_brake_01.png,Data/cnn-classes/sub_standard_laps/lap_0100_brake_02.png,Data/cnn-classes/sub_standard_laps/lap_0100_throttle_01.png,Data/cnn-classes/sub_standard_laps/lap_0100_throttle_02.png,Data/image-data/session-11/brake/Lap_2_Brake hit_1.png,Data/image-data/session-11/brake/Lap_2_Brake hit_2.png,Data/image-data/session-11/throttle/Lap_2_Throttle hit_1.png,Data/image-data/session-11/throttle/Lap_2_Throttle hit_2.png,1.7636568546295166,2.6742584705352783,0.9106016159057616,2.218957662582397,True,validation
102,11,4,optimal_laps,0,28105,28.105,none,Data/cnn-classes/optimal_laps/lap_0102_brake_01.png,Data/cnn-classes/optimal_laps/lap_0102_brake_02.png,Data/cnn-classes/optimal_laps/lap_0102_throttle_01.png,Data/cnn-classes/optimal_laps/lap_0102_throttle_02.png,Data/image-data/session-11/brake/Lap_4_Brake hit_1.png,Data/image-data/session-11/brake/Lap_4_Brake hit_2.png,Data/image-data/session-11/throttle/Lap_4_Throttle hit_1.png,Data/image-data/session-11/throttle/Lap_4_Throttle hit_2.png,1.530237913131714,2.532409429550171,1.002171516418457,2.0313236713409424,True,validation
104,11,6,standard_laps,1,28625,28.625,none,Data/cnn-classes/standard_laps/lap_0104_brake_01.png,Data/cnn-classes/standard_laps/lap_0104_brake_02.png,Data/cnn-classes/standard_laps/lap_0104_throttle_01.png,Data/cnn-classes/standard_laps/lap_0104_throttle_02.png,Data/image-data/session-11/brake/Lap_6_Brake hit_1.png,Data/image-data/session-11/brake/Lap_6_Brake hit_2.png,Data/image-data/session-11/throttle/Lap_6_Throttle hit_1.png,Data/image-data/session-11/throttle/Lap_6_Throttle hit_2.png,1.137732744216919,2.716409683227539,1.57867693901062,1.927071213722229,True,validation
105,12,1,standard_laps,1,28282,28.282,none,Data/cnn-classes/standard_laps/lap_0105_brake_01.png,Data/cnn-classes/standard_laps/lap_0105_brake_02.png,Data/cnn-classes/standard_laps/lap_0105_throttle_01.png,Data/cnn-classes/standard_laps/lap_0105_throttle_02.png,Data/image-data/session-12/brake/Lap_1_Brake hit_1.png,Data/image-data/session-12/brake/Lap_1_Brake hit_2.png,Data/image-data/session-12/throttle/Lap_1_Throttle hit_1.png,Data/image-data/session-12/throttle/Lap_1_Throttle hit_2.png,1.4306564331054688,2.541292428970337,1.1106359958648682,1.9859744310379028,True,validation
107,12,3,standard_laps,1,28336,28.336,none,Data/cnn-classes/standard_laps/lap_0107_brake_01.png,Data/cnn-classes/standard_laps/lap_0107_brake_02.png,Data/cnn-classes/standard_laps/lap_0107_throttle_01.png,Data/cnn-classes/standard_laps/lap_0107_throttle_02.png,Data/image-data/session-12/brake/Lap_3_Brake hit_1.png,Data/image-data/session-12/brake/Lap_3_Brake hit_2.png,Data/image-data/session-12/throttle/Lap_3_Throttle hit_1.png,Data/image-data/session-12/throttle/Lap_3_Throttle hit_2.png,1.378577470779419,2.3861327171325684,1.0075552463531494,1.8823550939559937,True,validation
108,12,4,standard_laps,1,28228,28.228,none,Data/cnn-classes/standard_laps/lap_0108_brake_01.png,Data/cnn-classes/standard_laps/lap_0108_brake_02.png,Data/cnn-classes/standard_laps/lap_0108_throttle_01.png,Data/cnn-classes/standard_laps/lap_0108_throttle_02.png,Data/image-data/session-12/brake/Lap_4_Brake hit_1.png,Data/image-data/session-12/brake/Lap_4_Brake hit_2.png,Data/image-data/session-12/throttle/Lap_4_Throttle hit_1.png,Data/image-data/session-12/throttle/Lap_4_Throttle hit_2.png,1.0863780975341797,2.395291328430176,1.308913230895996,1.7408347129821775,True,validation
109,12,5,sub_standard_laps,2,28897,28.897,none,Data/cnn-classes/sub_standard_laps/lap_0109_brake_01.png,Data/cnn-classes/sub_standard_laps/lap_0109_brake_02.png,Data/cnn-classes/sub_standard_laps/lap_0109_throttle_01.png,Data/cnn-classes/sub_standard_laps/lap_0109_throttle_02.png,Data/image-data/session-12/brake/Lap_5_Brake hit_1.png,Data/image-data/session-12/brake/Lap_5_Brake hit_2.png,Data/image-data/session-12/throttle/Lap_5_Throttle hit_1.png,Data/image-data/session-12/throttle/Lap_5_Throttle hit_2.png,1.7046334743499756,2.3451573848724365,0.6405239105224609,2.024895429611206,True,validation
110,12,6,optimal_laps,0,27971,27.971,none,Data/cnn-classes/optimal_laps/lap_0110_brake_01.png,Data/cnn-classes/optimal_laps/lap_0110_brake_02.png,Data/cnn-classes/optimal_laps/lap_0110_throttle_01.png,Data/cnn-classes/optimal_laps/lap_0110_throttle_02.png,Data/image-data/session-12/brake/Lap_6_Brake hit_1.png,Data/image-data/session-12/brake/Lap_6_Brake hit_2.png,Data/image-data/session-12/throttle/Lap_6_Throttle hit_1.png,Data/image-data/session-12/throttle/Lap_6_Throttle hit_2.png,1.100811243057251,2.4422802925109863,1.3414690494537354,1.7715457677841189,True,validation
112,12,8,standard_laps,1,28432,28.432,none,Data/cnn-classes/standard_laps/lap_0112_brake_01.png,Data/cnn-classes/standard_laps/lap_0112_brake_02.png,Data/cnn-classes/standard_laps/lap_0112_throttle_01.png,Data/cnn-classes/standard_laps/lap_0112_throttle_02.png,Data/image-data/session-12/brake/Lap_8_Brake hit_1.png,Data/image-data/session-12/brake/Lap_8_Brake hit_2.png,Data/image-data/session-12/throttle/Lap_8_Throttle hit_1.png,Data/image-data/session-12/throttle/Lap_8_Throttle hit_2.png,1.529008388519287,2.435853719711304,0.9068453311920166,1.9824310541152956,True,validation
113,12,9,standard_laps,1,28294,28.294,none,Data/cnn-classes/standard_laps/lap_0113_brake_01.png,Data/cnn-classes/standard_laps/lap_0113_brake_02.png,Data/cnn-classes/standard_laps/lap_0113_throttle_01.png,Data/cnn-classes/standard_laps/lap_0113_throttle_02.png,Data/image-data/session-12/brake/Lap_9_Brake hit_1.png,Data/image-data/session-12/brake/Lap_9_Brake hit_2.png,Data/image-data/session-12/throttle/Lap_9_Throttle hit_1.png,Data/image-data/session-12/throttle/Lap_9_Throttle hit_2.png,1.3910863399505615,2.345015048980713,0.9539287090301514,1.8680506944656368,True,validation
114,12,10,optimal_laps,0,27954,27.954,none,Data/cnn-classes/optimal_laps/lap_0114_brake_01.png,Data/cnn-classes/optimal_laps/lap_0114_brake_02.png,Data/cnn-classes/optimal_laps/lap_0114_throttle_01.png,Data/cnn-classes/optimal_laps/lap_0114_throttle_02.png,Data/image-data/session-12/brake/Lap_10_Brake hit_1.png,Data/image-data/session-12/brake/Lap_10_Brake hit_2.png,Data/image-data/session-12/throttle/Lap_10_Throttle hit_1.png,Data/image-data/session-12/throttle/Lap_10_Throttle hit_2.png,1.5470032691955566,2.1123170852661133,0.5653138160705566,1.829660177230835,True,validation
115,13,1,sub_standard_laps,2,29143,29.143,none,Data/cnn-classes/sub_standard_laps/lap_0115_brake_01.png,Data/cnn-classes/sub_standard_laps/lap_0115_brake_02.png,Data/cnn-classes/sub_standard_laps/lap_0115_throttle_01.png,Data/cnn-classes/sub_standard_laps/lap_0115_throttle_02.png,Data/image-data/session-13/brake/Lap_1_Brake hit_1.png,Data/image-data/session-13/brake/Lap_1_Brake hit_2.png,Data/image-data/session-13/throttle/Lap_1_Throttle hit_1.png,Data/image-data/session-13/throttle/Lap_1_Throttle hit_2.png,2.0748109817504883,2.171182870864868,0.0963718891143798,2.1229969263076782,True,train
116,13,2,optimal_laps,0,28021,28.021,none,Data/cnn-classes/optimal_laps/lap_0116_brake_01.png,Data/cnn-classes/optimal_laps/lap_0116_brake_02.png,Data/cnn-classes/optimal_laps/lap_0116_throttle_01.png,Data/cnn-classes/optimal_laps/lap_0116_throttle_02.png,Data/image-data/session-13/brake/Lap_2_Brake hit_1.png,Data/image-data/session-13/brake/Lap_2_Brake hit_2.png,Data/image-data/session-13/throttle/Lap_2_Throttle hit_1.png,Data/image-data/session-13/throttle/Lap_2_Throttle hit_2.png,1.1826441287994385,2.214783906936645,1.032139778137207,1.698714017868042,True,train
117,13,3,sub_standard_laps,2,29015,29.015,none,Data/cnn-classes/sub_standard_laps/lap_0117_brake_01.png,Data/cnn-classes/sub_standard_laps/lap_0117_brake_02.png,Data/cnn-classes/sub_standard_laps/lap_0117_throttle_01.png,Data/cnn-classes/sub_standard_laps/lap_0117_throttle_02.png,Data/image-data/session-13/brake/Lap_3_Brake hit_1.png,Data/image-data/session-13/brake/Lap_3_Brake hit_2.png,Data/image-data/session-13/throttle/Lap_3_Throttle hit_1.png,Data/image-data/session-13/throttle/Lap_3_Throttle hit_2.png,1.6333818435668943,2.8785462379455566,1.245164394378662,2.2559640407562256,True,train
118,13,4,optimal_laps,0,28051,28.051,none,Data/cnn-classes/optimal_laps/lap_0118_brake_01.png,Data/cnn-classes/optimal_laps/lap_0118_brake_02.png,Data/cnn-classes/optimal_laps/lap_0118_throttle_01.png,Data/cnn-classes/optimal_laps/lap_0118_throttle_02.png,Data/image-data/session-13/brake/Lap_4_Brake hit_1.png,Data/image-data/session-13/brake/Lap_4_Brake hit_2.png,Data/image-data/session-13/throttle/Lap_4_Throttle hit_1.png,Data/image-data/session-13/throttle/Lap_4_Throttle hit_2.png,1.0624206066131592,2.3667945861816406,1.3043739795684814,1.7146075963974,True,train
119,13,5,standard_laps,1,28150,28.15,none,Data/cnn-classes/standard_laps/lap_0119_brake_01.png,Data/cnn-classes/standard_laps/lap_0119_brake_02.png,Data/cnn-classes/standard_laps/lap_0119_throttle_01.png,Data/cnn-classes/standard_laps/lap_0119_throttle_02.png,Data/image-data/session-13/brake/Lap_5_Brake hit_1.png,Data/image-data/session-13/brake/Lap_5_Brake hit_2.png,Data/image-data/session-13/throttle/Lap_5_Throttle hit_1.png,Data/image-data/session-13/throttle/Lap_5_Throttle hit_2.png,1.1936335563659668,2.2159438133239746,1.0223102569580078,1.7047886848449707,True,train
121,14,1,standard_laps,1,28393,28.393,none,Data/cnn-classes/standard_laps/lap_0121_brake_01.png,Data/cnn-classes/standard_laps/lap_0121_brake_02.png,Data/cnn-classes/standard_laps/lap_0121_throttle_01.png,Data/cnn-classes/standard_laps/lap_0121_throttle_02.png,Data/image-data/session-14/brake/Lap_1_Brake hit_1.png,Data/image-data/session-14/brake/Lap_1_Brake hit_2.png,Data/image-data/session-14/throttle/Lap_1_Throttle hit_1.png,Data/image-data/session-14/throttle/Lap_1_Throttle hit_2.png,1.576850175857544,2.273770332336426,0.6969201564788818,1.9253102540969849,True,test
122,14,2,optimal_laps,0,27850,27.85,none,Data/cnn-classes/optimal_laps/lap_0122_brake_01.png,Data/cnn-classes/optimal_laps/lap_0122_brake_02.png,Data/cnn-classes/optimal_laps/lap_0122_throttle_01.png,Data/cnn-classes/optimal_laps/lap_0122_throttle_02.png,Data/image-data/session-14/brake/Lap_2_Brake hit_1.png,Data/image-data/session-14/brake/Lap_2_Brake hit_2.png,Data/image-data/session-14/throttle/Lap_2_Throttle hit_1.png,Data/image-data/session-14/throttle/Lap_2_Throttle hit_2.png,1.14101243019104,2.1484947204589844,1.0074822902679443,1.6447535753250122,True,test
125,14,5,standard_laps,1,28146,28.146,none,Data/cnn-classes/standard_laps/lap_0125_brake_01.png,Data/cnn-classes/standard_laps/lap_0125_brake_02.png,Data/cnn-classes/standard_laps/lap_0125_throttle_01.png,Data/cnn-classes/standard_laps/lap_0125_throttle_02.png,Data/image-data/session-14/brake/Lap_5_Brake hit_1.png,Data/image-data/session-14/brake/Lap_5_Brake hit_2.png,Data/image-data/session-14/throttle/Lap_5_Throttle hit_1.png,Data/image-data/session-14/throttle/Lap_5_Throttle hit_2.png,1.3300001621246338,2.503305435180664,1.1733052730560305,1.916652798652649,True,test
126,14,6,optimal_laps,0,27910,27.91,none,Data/cnn-classes/optimal_laps/lap_0126_brake_01.png,Data/cnn-classes/optimal_laps/lap_0126_brake_02.png,Data/cnn-classes/optimal_laps/lap_0126_throttle_01.png,Data/cnn-classes/optimal_laps/lap_0126_throttle_02.png,Data/image-data/session-14/brake/Lap_6_Brake hit_1.png,Data/image-data/session-14/brake/Lap_6_Brake hit_2.png,Data/image-data/session-14/throttle/Lap_6_Throttle hit_1.png,Data/image-data/session-14/throttle/Lap_6_Throttle hit_2.png,1.1693177223205566,2.464219331741333,1.2949016094207764,1.8167685270309448,True,test
127,14,7,optimal_laps,0,28069,28.069,none,Data/cnn-classes/optimal_laps/lap_0127_brake_01.png,Data/cnn-classes/optimal_laps/lap_0127_brake_02.png,Data/cnn-classes/optimal_laps/lap_0127_throttle_01.png,Data/cnn-classes/optimal_laps/lap_0127_throttle_02.png,Data/image-data/session-14/brake/Lap_7_Brake hit_1.png,Data/image-data/session-14/brake/Lap_7_Brake hit_2.png,Data/image-data/session-14/throttle/Lap_7_Throttle hit_1.png,Data/image-data/session-14/throttle/Lap_7_Throttle hit_2.png,1.1325936317443848,1.8859882354736328,0.753394603729248,1.5092909336090088,True,test
128,14,8,optimal_laps,0,27703,27.703,none,Data/cnn-classes/optimal_laps/lap_0128_brake_01.png,Data/cnn-classes/optimal_laps/lap_0128_brake_02.png,Data/cnn-classes/optimal_laps/lap_0128_throttle_01.png,Data/cnn-classes/optimal_laps/lap_0128_throttle_02.png,Data/image-data/session-14/brake/Lap_8_Brake hit_1.png,Data/image-data/session-14/brake/Lap_8_Brake hit_2.png,Data/image-data/session-14/throttle/Lap_8_Throttle hit_1.png,Data/image-data/session-14/throttle/Lap_8_Throttle hit_2.png,0.8788406848907471,2.425179243087769,1.5463385581970217,1.6520099639892578,True,test
130,14,10,optimal_laps,0,28125,28.125,none,Data/cnn-classes/optimal_laps/lap_0130_brake_01.png,Data/cnn-classes/optimal_laps/lap_0130_brake_02.png,Data/cnn-classes/optimal_laps/lap_0130_throttle_01.png,Data/cnn-classes/optimal_laps/lap_0130_throttle_02.png,Data/image-data/session-14/brake/Lap_10_Brake hit_1.png,Data/image-data/session-14/brake/Lap_10_Brake hit_2.png,Data/image-data/session-14/throttle/Lap_10_Throttle hit_1.png,Data/image-data/session-14/throttle/Lap_10_Throttle hit_2.png,1.56168532371521,2.451832771301269,0.8901474475860596,2.00675904750824,True,test
131,15,1,optimal_laps,0,27978,27.978,none,Data/cnn-classes/optimal_laps/lap_0131_brake_01.png,Data/cnn-classes/optimal_laps/lap_0131_brake_02.png,Data/cnn-classes/optimal_laps/lap_0131_throttle_01.png,Data/cnn-classes/optimal_laps/lap_0131_throttle_02.png,Data/image-data/session-15/brake/Lap_1_Brake hit_1.png,Data/image-data/session-15/brake/Lap_1_Brake hit_2.png,Data/image-data/session-15/throttle/Lap_1_Throttle hit_1.png,Data/image-data/session-15/throttle/Lap_1_Throttle hit_2.png,1.3793318271636963,2.173051357269287,0.7937195301055908,1.7761915922164917,True,train
132,15,2,standard_laps,1,28169,28.169,none,Data/cnn-classes/standard_laps/lap_0132_brake_01.png,Data/cnn-classes/standard_laps/lap_0132_brake_02.png,Data/cnn-classes/standard_laps/lap_0132_throttle_01.png,Data/cnn-classes/standard_laps/lap_0132_throttle_02.png,Data/image-data/session-15/brake/Lap_2_Brake hit_1.png,Data/image-data/session-15/brake/Lap_2_Brake hit_2.png,Data/image-data/session-15/throttle/Lap_2_Throttle hit_1.png,Data/image-data/session-15/throttle/Lap_2_Throttle hit_2.png,1.312878131866455,2.573983907699585,1.26110577583313,1.94343101978302,True,train
133,15,3,sub_standard_laps,2,28655,28.655,none,Data/cnn-classes/sub_standard_laps/lap_0133_brake_01.png,Data/cnn-classes/sub_standard_laps/lap_0133_brake_02.png,Data/cnn-classes/sub_standard_laps/lap_0133_throttle_01.png,Data/cnn-classes/sub_standard_laps/lap_0133_throttle_02.png,Data/image-data/session-15/brake/Lap_3_Brake hit_1.png,Data/image-data/session-15/brake/Lap_3_Brake hit_2.png,Data/image-data/session-15/throttle/Lap_3_Throttle hit_1.png,Data/image-data/session-15/throttle/Lap_3_Throttle hit_2.png,1.298229694366455,2.471551418304444,1.1733217239379885,1.8848905563354488,True,train
134,15,4,standard_laps,1,28504,28.504,none,Data/cnn-classes/standard_laps/lap_0134_brake_01.png,Data/cnn-classes/standard_laps/lap_0134_brake_02.png,Data/cnn-classes/standard_laps/lap_0134_throttle_01.png,Data/cnn-classes/standard_laps/lap_0134_throttle_02.png,Data/image-data/session-15/brake/Lap_4_Brake hit_1.png,Data/image-data/session-15/brake/Lap_4_Brake hit_2.png,Data/image-data/session-15/throttle/Lap_4_Throttle hit_1.png,Data/image-data/session-15/throttle/Lap_4_Throttle hit_2.png,1.6262493133544922,2.319459915161133,0.6932106018066406,1.9728546142578125,True,train
136,15,6,standard_laps,1,28217,28.217,none,Data/cnn-classes/standard_laps/lap_0136_brake_01.png,Data/cnn-classes/standard_laps/lap_0136_brake_02.png,Data/cnn-classes/standard_laps/lap_0136_throttle_01.png,Data/cnn-classes/standard_laps/lap_0136_throttle_02.png,Data/image-data/session-15/brake/Lap_6_Brake hit_1.png,Data/image-data/session-15/brake/Lap_6_Brake hit_2.png,Data/image-data/session-15/throttle/Lap_6_Throttle hit_1.png,Data/image-data/session-15/throttle/Lap_6_Throttle hit_2.png,1.6334683895111084,1.970733642578125,0.3372652530670166,1.8021010160446167,True,train
138,16,1,standard_laps,1,28283,28.283,none,Data/cnn-classes/standard_laps/lap_0138_brake_01.png,Data/cnn-classes/standard_laps/lap_0138_brake_02.png,Data/cnn-classes/standard_laps/lap_0138_throttle_01.png,Data/cnn-classes/standard_laps/lap_0138_throttle_02.png,Data/image-data/session-16/brake/Lap_1_Brake hit_1.png,Data/image-data/session-16/brake/Lap_1_Brake hit_2.png,Data/image-data/session-16/throttle/Lap_1_Throttle hit_1.png,Data/image-data/session-16/throttle/Lap_1_Throttle hit_2.png,1.4127933979034424,2.546724319458008,1.1339309215545654,1.979758858680725,True,train
139,16,2,standard_laps,1,28204,28.204,none,Data/cnn-classes/standard_laps/lap_0139_brake_01.png,Data/cnn-classes/standard_laps/lap_0139_brake_02.png,Data/cnn-classes/standard_laps/lap_0139_throttle_01.png,Data/cnn-classes/standard_laps/lap_0139_throttle_02.png,Data/image-data/session-16/brake/Lap_2_Brake hit_1.png,Data/image-data/session-16/brake/Lap_2_Brake hit_2.png,Data/image-data/session-16/throttle/Lap_2_Throttle hit_1.png,Data/image-data/session-16/throttle/Lap_2_Throttle hit_2.png,1.2570841312408447,2.1665046215057373,0.9094204902648926,1.711794376373291,True,train
140,16,3,optimal_laps,0,27705,27.705,none,Data/cnn-classes/optimal_laps/lap_0140_brake_01.png,Data/cnn-classes/optimal_laps/lap_0140_brake_02.png,Data/cnn-classes/optimal_laps/lap_0140_throttle_01.png,Data/cnn-classes/optimal_laps/lap_0140_throttle_02.png,Data/image-data/session-16/brake/Lap_3_Brake hit_1.png,Data/image-data/session-16/brake/Lap_3_Brake hit_2.png,Data/image-data/session-16/throttle/Lap_3_Throttle hit_1.png,Data/image-data/session-16/throttle/Lap_3_Throttle hit_2.png,1.078850269317627,2.2917776107788086,1.2129273414611816,1.6853139400482178,True,train
141,16,4,standard_laps,1,28237,28.237,none,Data/cnn-classes/standard_laps/lap_0141_brake_01.png,Data/cnn-classes/standard_laps/lap_0141_brake_02.png,Data/cnn-classes/standard_laps/lap_0141_throttle_01.png,Data/cnn-classes/standard_laps/lap_0141_throttle_02.png,Data/image-data/session-16/brake/Lap_4_Brake hit_1.png,Data/image-data/session-16/brake/Lap_4_Brake hit_2.png,Data/image-data/session-16/throttle/Lap_4_Throttle hit_1.png,Data/image-data/session-16/throttle/Lap_4_Throttle hit_2.png,1.1318070888519287,2.7210161685943604,1.5892090797424316,1.9264116287231443,True,train
142,16,5,optimal_laps,0,27677,27.677,none,Data/cnn-classes/optimal_laps/lap_0142_brake_01.png,Data/cnn-classes/optimal_laps/lap_0142_brake_02.png,Data/cnn-classes/optimal_laps/lap_0142_throttle_01.png,Data/cnn-classes/optimal_laps/lap_0142_throttle_02.png,Data/image-data/session-16/brake/Lap_5_Brake hit_1.png,Data/image-data/session-16/brake/Lap_5_Brake hit_2.png,Data/image-data/session-16/throttle/Lap_5_Throttle hit_1.png,Data/image-data/session-16/throttle/Lap_5_Throttle hit_2.png,1.1986594200134275,2.1110854148864746,0.9124259948730468,1.6548724174499512,True,train
145,16,8,optimal_laps,0,28007,28.007,none,Data/cnn-classes/optimal_laps/lap_0145_brake_01.png,Data/cnn-classes/optimal_laps/lap_0145_brake_02.png,Data/cnn-classes/optimal_laps/lap_0145_throttle_01.png,Data/cnn-classes/optimal_laps/lap_0145_throttle_02.png,Data/image-data/session-16/brake/Lap_8_Brake hit_1.png,Data/image-data/session-16/brake/Lap_8_Brake hit_2.png,Data/image-data/session-16/throttle/Lap_8_Throttle hit_1.png,Data/image-data/session-16/throttle/Lap_8_Throttle hit_2.png,1.290516376495361,2.131611585617065,0.8410952091217041,1.7110639810562134,True,train
146,16,9,standard_laps,1,28291,28.291,none,Data/cnn-classes/standard_laps/lap_0146_brake_01.png,Data/cnn-classes/standard_laps/lap_0146_brake_02.png,Data/cnn-classes/standard_laps/lap_0146_throttle_01.png,Data/cnn-classes/standard_laps/lap_0146_throttle_02.png,Data/image-data/session-16/brake/Lap_9_Brake hit_1.png,Data/image-data/session-16/brake/Lap_9_Brake hit_2.png,Data/image-data/session-16/throttle/Lap_9_Throttle hit_1.png,Data/image-data/session-16/throttle/Lap_9_Throttle hit_2.png,1.2589280605316162,2.5306875705718994,1.2717595100402832,1.8948078155517576,True,train
147,16,10,optimal_laps,0,27734,27.734,none,Data/cnn-classes/optimal_laps/lap_0147_brake_01.png,Data/cnn-classes/optimal_laps/lap_0147_brake_02.png,Data/cnn-classes/optimal_laps/lap_0147_throttle_01.png,Data/cnn-classes/optimal_laps/lap_0147_throttle_02.png,Data/image-data/session-16/brake/Lap_10_Brake hit_1.png,Data/image-data/session-16/brake/Lap_10_Brake hit_2.png,Data/image-data/session-16/throttle/Lap_10_Throttle hit_1.png,Data/image-data/session-16/throttle/Lap_10_Throttle hit_2.png,1.0289306640625,2.149874687194824,1.1209440231323242,1.589402675628662,True,train
148,17,1,optimal_laps,0,27673,27.673,none,Data/cnn-classes/optimal_laps/lap_0148_brake_01.png,Data/cnn-classes/optimal_laps/lap_0148_brake_02.png,Data/cnn-classes/optimal_laps/lap_0148_throttle_01.png,Data/cnn-classes/optimal_laps/lap_0148_throttle_02.png,Data/image-data/session-17/brake/Lap_1_Brake hit_1.png,Data/image-data/session-17/brake/Lap_1_Brake hit_2.png,Data/image-data/session-17/throttle/Lap_1_Throttle hit_1.png,Data/image-data/session-17/throttle/Lap_1_Throttle hit_2.png,1.135148286819458,1.845938205718994,0.7107899188995361,1.490543246269226,True,train
149,17,2,standard_laps,1,28294,28.294,none,Data/cnn-classes/standard_laps/lap_0149_brake_01.png,Data/cnn-classes/standard_laps/lap_0149_brake_02.png,Data/cnn-classes/standard_laps/lap_0149_throttle_01.png,Data/cnn-classes/standard_laps/lap_0149_throttle_02.png,Data/image-data/session-17/brake/Lap_2_Brake hit_1.png,Data/image-data/session-17/brake/Lap_2_Brake hit_2.png,Data/image-data/session-17/throttle/Lap_2_Throttle hit_1.png,Data/image-data/session-17/throttle/Lap_2_Throttle hit_2.png,1.084770917892456,1.9252712726593015,0.8405003547668457,1.505021095275879,True,train
150,17,3,standard_laps,1,28207,28.207,none,Data/cnn-classes/standard_laps/lap_0150_brake_01.png,Data/cnn-classes/standard_laps/lap_0150_brake_02.png,Data/cnn-classes/standard_laps/lap_0150_throttle_01.png,Data/cnn-classes/standard_laps/lap_0150_throttle_02.png,Data/image-data/session-17/brake/Lap_3_Brake hit_1.png,Data/image-data/session-17/brake/Lap_3_Brake hit_2.png,Data/image-data/session-17/throttle/Lap_3_Throttle hit_1.png,Data/image-data/session-17/throttle/Lap_3_Throttle hit_2.png,1.129957914352417,2.5769708156585693,1.4470129013061523,1.8534643650054927,True,train
152,17,5,standard_laps,1,28216,28.216,none,Data/cnn-classes/standard_laps/lap_0152_brake_01.png,Data/cnn-classes/standard_laps/lap_0152_brake_02.png,Data/cnn-classes/standard_laps/lap_0152_throttle_01.png,Data/cnn-classes/standard_laps/lap_0152_throttle_02.png,Data/image-data/session-17/brake/Lap_5_Brake hit_1.png,Data/image-data/session-17/brake/Lap_5_Brake hit_2.png,Data/image-data/session-17/throttle/Lap_5_Throttle hit_1.png,Data/image-data/session-17/throttle/Lap_5_Throttle hit_2.png,1.365225076675415,2.3408846855163574,0.9756596088409424,1.8530548810958865,True,train
153,17,6,standard_laps,1,28327,28.327,none,Data/cnn-classes/standard_laps/lap_0153_brake_01.png,Data/cnn-classes/standard_laps/lap_0153_brake_02.png,Data/cnn-classes/standard_laps/lap_0153_throttle_01.png,Data/cnn-classes/standard_laps/lap_0153_throttle_02.png,Data/image-data/session-17/brake/Lap_6_Brake hit_1.png,Data/image-data/session-17/brake/Lap_6_Brake hit_2.png,Data/image-data/session-17/throttle/Lap_6_Throttle hit_1.png,Data/image-data/session-17/throttle/Lap_6_Throttle hit_2.png,1.597193956375122,2.3816933631896973,0.7844994068145752,1.9894436597824097,True,train
154,17,7,optimal_laps,0,27759,27.759,none,Data/cnn-classes/optimal_laps/lap_0154_brake_01.png,Data/cnn-classes/optimal_laps/lap_0154_brake_02.png,Data/cnn-classes/optimal_laps/lap_0154_throttle_01.png,Data/cnn-classes/optimal_laps/lap_0154_throttle_02.png,Data/image-data/session-17/brake/Lap_7_Brake hit_1.png,Data/image-data/session-17/brake/Lap_7_Brake hit_2.png,Data/image-data/session-17/throttle/Lap_7_Throttle hit_1.png,Data/image-data/session-17/throttle/Lap_7_Throttle hit_2.png,1.1274709701538086,2.05104398727417,0.9235730171203612,1.5892574787139893,True,train
155,17,8,optimal_laps,0,27473,27.473,none,Data/cnn-classes/optimal_laps/lap_0155_brake_01.png,Data/cnn-classes/optimal_laps/lap_0155_brake_02.png,Data/cnn-classes/optimal_laps/lap_0155_throttle_01.png,Data/cnn-classes/optimal_laps/lap_0155_throttle_02.png,Data/image-data/session-17/brake/Lap_8_Brake hit_1.png,Data/image-data/session-17/brake/Lap_8_Brake hit_2.png,Data/image-data/session-17/throttle/Lap_8_Throttle hit_1.png,Data/image-data/session-17/throttle/Lap_8_Throttle hit_2.png,1.0312378406524658,2.451707601547241,1.4204697608947754,1.7414727210998535,True,train
156,17,9,sub_standard_laps,2,28644,28.644,none,Data/cnn-classes/sub_standard_laps/lap_0156_brake_01.png,Data/cnn-classes/sub_standard_laps/lap_0156_brake_02.png,Data/cnn-classes/sub_standard_laps/lap_0156_throttle_01.png,Data/cnn-classes/sub_standard_laps/lap_0156_throttle_02.png,Data/image-data/session-17/brake/Lap_9_Brake hit_1.png,Data/image-data/session-17/brake/Lap_9_Brake hit_2.png,Data/image-data/session-17/throttle/Lap_9_Throttle hit_1.png,Data/image-data/session-17/throttle/Lap_9_Throttle hit_2.png,2.0053577423095703,2.4931750297546387,0.4878172874450683,2.2492663860321045,True,train
157,17,10,optimal_laps,0,28116,28.116,none,Data/cnn-classes/optimal_laps/lap_0157_brake_01.png,Data/cnn-classes/optimal_laps/lap_0157_brake_02.png,Data/cnn-classes/optimal_laps/lap_0157_throttle_01.png,Data/cnn-classes/optimal_laps/lap_0157_throttle_02.png,Data/image-data/session-17/brake/Lap_10_Brake hit_1.png,Data/image-data/session-17/brake/Lap_10_Brake hit_2.png,Data/image-data/session-17/throttle/Lap_10_Throttle hit_1.png,Data/image-data/session-17/throttle/Lap_10_Throttle hit_2.png,1.192399024963379,1.970649480819702,0.7782504558563232,1.5815242528915403,True,train
158,17,11,standard_laps,1,28251,28.251,none,Data/cnn-classes/standard_laps/lap_0158_brake_01.png,Data/cnn-classes/standard_laps/lap_0158_brake_02.png,Data/cnn-classes/standard_laps/lap_0158_throttle_01.png,Data/cnn-classes/standard_laps/lap_0158_throttle_02.png,Data/image-data/session-17/brake/Lap_11_Brake hit_1.png,Data/image-data/session-17/brake/Lap_11_Brake hit_2.png,Data/image-data/session-17/throttle/Lap_11_Throttle hit_1.png,Data/image-data/session-17/throttle/Lap_11_Throttle hit_2.png,1.3031864166259766,2.5662388801574707,1.263052463531494,1.934712648391724,True,train
159,17,12,standard_laps,1,28368,28.368,none,Data/cnn-classes/standard_laps/lap_0159_brake_01.png,Data/cnn-classes/standard_laps/lap_0159_brake_02.png,Data/cnn-classes/standard_laps/lap_0159_throttle_01.png,Data/cnn-classes/standard_laps/lap_0159_throttle_02.png,Data/image-data/session-17/brake/Lap_12_Brake hit_1.png,Data/image-data/session-17/brake/Lap_12_Brake hit_2.png,Data/image-data/session-17/throttle/Lap_12_Throttle hit_1.png,Data/image-data/session-17/throttle/Lap_12_Throttle hit_2.png,1.080779790878296,2.6297497749328613,1.5489699840545654,1.8552647829055784,True,train
160,17,13,optimal_laps,0,28106,28.106,none,Data/cnn-classes/optimal_laps/lap_0160_brake_01.png,Data/cnn-classes/optimal_laps/lap_0160_brake_02.png,Data/cnn-classes/optimal_laps/lap_0160_throttle_01.png,Data/cnn-classes/optimal_laps/lap_0160_throttle_02.png,Data/image-data/session-17/brake/Lap_13_Brake hit_1.png,Data/image-data/session-17/brake/Lap_13_Brake hit_2.png,Data/image-data/session-17/throttle/Lap_13_Throttle hit_1.png,Data/image-data/session-17/throttle/Lap_13_Throttle hit_2.png,1.1090903282165527,1.971857070922852,0.8627667427062988,1.540473699569702,True,train
161,17,14,sub_standard_laps,2,28820,28.82,none,Data/cnn-classes/sub_standard_laps/lap_0161_brake_01.png,Data/cnn-classes/sub_standard_laps/lap_0161_brake_02.png,Data/cnn-classes/sub_standard_laps/lap_0161_throttle_01.png,Data/cnn-classes/sub_standard_laps/lap_0161_throttle_02.png,Data/image-data/session-17/brake/Lap_14_Brake hit_1.png,Data/image-data/session-17/brake/Lap_14_Brake hit_2.png,Data/image-data/session-17/throttle/Lap_14_Throttle hit_1.png,Data/image-data/session-17/throttle/Lap_14_Throttle hit_2.png,2.15435528755188,1.9005639553070068,-0.253791332244873,2.027459621429444,True,train
163,18,2,optimal_laps,0,28143,28.143,none,Data/cnn-classes/optimal_laps/lap_0163_brake_01.png,Data/cnn-classes/optimal_laps/lap_0163_brake_02.png,Data/cnn-classes/optimal_laps/lap_0163_throttle_01.png,Data/cnn-classes/optimal_laps/lap_0163_throttle_02.png,Data/image-data/session-18/brake/Lap_2_Brake hit_1.png,Data/image-data/session-18/brake/Lap_2_Brake hit_2.png,Data/image-data/session-18/throttle/Lap_2_Throttle hit_1.png,Data/image-data/session-18/throttle/Lap_2_Throttle hit_2.png,1.2327313423156738,2.375963926315308,1.1432325839996338,1.8043476343154907,True,train
165,18,4,standard_laps,1,28145,28.145,none,Data/cnn-classes/standard_laps/lap_0165_brake_01.png,Data/cnn-classes/standard_laps/lap_0165_brake_02.png,Data/cnn-classes/standard_laps/lap_0165_throttle_01.png,Data/cnn-classes/standard_laps/lap_0165_throttle_02.png,Data/image-data/session-18/brake/Lap_4_Brake hit_1.png,Data/image-data/session-18/brake/Lap_4_Brake hit_2.png,Data/image-data/session-18/throttle/Lap_4_Throttle hit_1.png,Data/image-data/session-18/throttle/Lap_4_Throttle hit_2.png,1.3184525966644287,2.0848288536071777,0.766376256942749,1.7016407251358032,True,train
166,18,5,optimal_laps,0,28103,28.103,none,Data/cnn-classes/optimal_laps/lap_0166_brake_01.png,Data/cnn-classes/optimal_laps/lap_0166_brake_02.png,Data/cnn-classes/optimal_laps/lap_0166_throttle_01.png,Data/cnn-classes/optimal_laps/lap_0166_throttle_02.png,Data/image-data/session-18/brake/Lap_5_Brake hit_1.png,Data/image-data/session-18/brake/Lap_5_Brake hit_2.png,Data/image-data/session-18/throttle/Lap_5_Throttle hit_1.png,Data/image-data/session-18/throttle/Lap_5_Throttle hit_2.png,1.0970425605773926,2.484555721282959,1.3875131607055664,1.7907991409301758,True,train
167,18,6,standard_laps,1,28473,28.473,none,Data/cnn-classes/standard_laps/lap_0167_brake_01.png,Data/cnn-classes/standard_laps/lap_0167_brake_02.png,Data/cnn-classes/standard_laps/lap_0167_throttle_01.png,Data/cnn-classes/standard_laps/lap_0167_throttle_02.png,Data/image-data/session-18/brake/Lap_6_Brake hit_1.png,Data/image-data/session-18/brake/Lap_6_Brake hit_2.png,Data/image-data/session-18/throttle/Lap_6_Throttle hit_1.png,Data/image-data/session-18/throttle/Lap_6_Throttle hit_2.png,1.229271650314331,2.9703714847564697,1.741099834442139,2.0998215675354004,True,train
168,18,7,optimal_laps,0,28128,28.128,none,Data/cnn-classes/optimal_laps/lap_0168_brake_01.png,Data/cnn-classes/optimal_laps/lap_0168_brake_02.png,Data/cnn-classes/optimal_laps/lap_0168_throttle_01.png,Data/cnn-classes/optimal_laps/lap_0168_throttle_02.png,Data/image-data/session-18/brake/Lap_7_Brake hit_1.png,Data/image-data/session-18/brake/Lap_7_Brake hit_2.png,Data/image-data/session-18/throttle/Lap_7_Throttle hit_1.png,Data/image-data/session-18/throttle/Lap_7_Throttle hit_2.png,1.002866268157959,2.3822920322418213,1.3794257640838623,1.69257915019989,True,train
169,18,8,optimal_laps,0,27750,27.75,none,Data/cnn-classes/optimal_laps/lap_0169_brake_01.png,Data/cnn-classes/optimal_laps/lap_0169_brake_02.png,Data/cnn-classes/optimal_laps/lap_0169_throttle_01.png,Data/cnn-classes/optimal_laps/lap_0169_throttle_02.png,Data/image-data/session-18/brake/Lap_8_Brake hit_1.png,Data/image-data/session-18/brake/Lap_8_Brake hit_2.png,Data/image-data/session-18/throttle/Lap_8_Throttle hit_1.png,Data/image-data/session-18/throttle/Lap_8_Throttle hit_2.png,1.2317121028900146,2.353782415390014,1.1220703125,1.7927472591400146,True,train
170,18,9,optimal_laps,0,27864,27.864,none,Data/cnn-classes/optimal_laps/lap_0170_brake_01.png,Data/cnn-classes/optimal_laps/lap_0170_brake_02.png,Data/cnn-classes/optimal_laps/lap_0170_throttle_01.png,Data/cnn-classes/optimal_laps/lap_0170_throttle_02.png,Data/image-data/session-18/brake/Lap_9_Brake hit_1.png,Data/image-data/session-18/brake/Lap_9_Brake hit_2.png,Data/image-data/session-18/throttle/Lap_9_Throttle hit_1.png,Data/image-data/session-18/throttle/Lap_9_Throttle hit_2.png,1.1317269802093506,2.53052282333374,1.3987958431243896,1.8311249017715452,True,train
172,19,1,standard_laps,1,28359,28.359,none,Data/cnn-classes/standard_laps/lap_0172_brake_01.png,Data/cnn-classes/standard_laps/lap_0172_brake_02.png,Data/cnn-classes/standard_laps/lap_0172_throttle_01.png,Data/cnn-classes/standard_laps/lap_0172_throttle_02.png,Data/image-data/session-19/brake/Lap_1_Brake hit_1.png,Data/image-data/session-19/brake/Lap_1_Brake hit_2.png,Data/image-data/session-19/throttle/Lap_1_Throttle hit_1.png,Data/image-data/session-19/throttle/Lap_1_Throttle hit_2.png,1.3337793350219729,2.538154125213623,1.2043747901916504,1.9359667301177976,True,train
173,19,2,standard_laps,1,28163,28.163,none,Data/cnn-classes/standard_laps/lap_0173_brake_01.png,Data/cnn-classes/standard_laps/lap_0173_brake_02.png,Data/cnn-classes/standard_laps/lap_0173_throttle_01.png,Data/cnn-classes/standard_laps/lap_0173_throttle_02.png,Data/image-data/session-19/brake/Lap_2_Brake hit_1.png,Data/image-data/session-19/brake/Lap_2_Brake hit_2.png,Data/image-data/session-19/throttle/Lap_2_Throttle hit_1.png,Data/image-data/session-19/throttle/Lap_2_Throttle hit_2.png,1.0815505981445312,2.50256872177124,1.421018123626709,1.7920596599578855,True,train
174,19,3,standard_laps,1,28321,28.321,none,Data/cnn-classes/standard_laps/lap_0174_brake_01.png,Data/cnn-classes/standard_laps/lap_0174_brake_02.png,Data/cnn-classes/standard_laps/lap_0174_throttle_01.png,Data/cnn-classes/standard_laps/lap_0174_throttle_02.png,Data/image-data/session-19/brake/Lap_3_Brake hit_1.png,Data/image-data/session-19/brake/Lap_3_Brake hit_2.png,Data/image-data/session-19/throttle/Lap_3_Throttle hit_1.png,Data/image-data/session-19/throttle/Lap_3_Throttle hit_2.png,1.5845818519592283,2.2888429164886475,0.704261064529419,1.936712384223938,True,train
175,19,4,sub_standard_laps,2,29145,29.145,none,Data/cnn-classes/sub_standard_laps/lap_0175_brake_01.png,Data/cnn-classes/sub_standard_laps/lap_0175_brake_02.png,Data/cnn-classes/sub_standard_laps/lap_0175_throttle_01.png,Data/cnn-classes/sub_standard_laps/lap_0175_throttle_02.png,Data/image-data/session-19/brake/Lap_4_Brake hit_1.png,Data/image-data/session-19/brake/Lap_4_Brake hit_2.png,Data/image-data/session-19/throttle/Lap_4_Throttle hit_1.png,Data/image-data/session-19/throttle/Lap_4_Throttle hit_2.png,1.3701436519622805,3.089341402053833,1.7191977500915527,2.2297425270080566,True,train
176,19,5,optimal_laps,0,27903,27.903,none,Data/cnn-classes/optimal_laps/lap_0176_brake_01.png,Data/cnn-classes/optimal_laps/lap_0176_brake_02.png,Data/cnn-classes/optimal_laps/lap_0176_throttle_01.png,Data/cnn-classes/optimal_laps/lap_0176_throttle_02.png,Data/image-data/session-19/brake/Lap_5_Brake hit_1.png,Data/image-data/session-19/brake/Lap_5_Brake hit_2.png,Data/image-data/session-19/throttle/Lap_5_Throttle hit_1.png,Data/image-data/session-19/throttle/Lap_5_Throttle hit_2.png,1.081775426864624,2.4892141819000244,1.4074387550354004,1.7854948043823242,True,train
178,19,7,sub_standard_laps,2,28702,28.702,none,Data/cnn-classes/sub_standard_laps/lap_0178_brake_01.png,Data/cnn-classes/sub_standard_laps/lap_0178_brake_02.png,Data/cnn-classes/sub_standard_laps/lap_0178_throttle_01.png,Data/cnn-classes/sub_standard_laps/lap_0178_throttle_02.png,Data/image-data/session-19/brake/Lap_7_Brake hit_1.png,Data/image-data/session-19/brake/Lap_7_Brake hit_2.png,Data/image-data/session-19/throttle/Lap_7_Throttle hit_1.png,Data/image-data/session-19/throttle/Lap_7_Throttle hit_2.png,1.8785593509674072,1.964900016784668,0.0863406658172607,1.9217296838760376,True,train
